{"chunk_definitions":[{"chunk_id":"c33q6kfr6zvdj","chunk_label":"unnamed-chunk-1","document_id":"D3582FAB","expansion_state":0,"options":{"echo":false,"engine":"r","label":"unnamed-chunk-178","message":false,"warning":false},"row":33,"row_count":1,"visible":true},{"chunk_id":"caulmhowx3fud","chunk_label":"unnamed-chunk-2","document_id":"D3582FAB","expansion_state":0,"options":{"engine":"r","label":"unnamed-chunk-179"},"row":48,"row_count":1,"visible":true},{"chunk_id":"cpf9g140kwwyu","chunk_label":"unnamed-chunk-3","document_id":"D3582FAB","expansion_state":0,"options":{"engine":"r","label":"unnamed-chunk-180"},"row":64,"row_count":1,"visible":true},{"chunk_id":"cbn6yfln9bono","chunk_label":"unnamed-chunk-4","document_id":"D3582FAB","expansion_state":0,"options":{"engine":"r","label":"unnamed-chunk-181"},"row":69,"row_count":1,"visible":true},{"chunk_id":"cet5spd8zwx5m","chunk_label":"unnamed-chunk-5","document_id":"D3582FAB","expansion_state":0,"options":{"engine":"r","label":"unnamed-chunk-182"},"row":76,"row_count":1,"visible":true},{"chunk_id":"c7eo62l30jtzb","chunk_label":"unnamed-chunk-6","document_id":"D3582FAB","expansion_state":0,"options":{"engine":"r","label":"unnamed-chunk-183"},"row":88,"row_count":1,"visible":true},{"chunk_id":"c22r2aemmv4u1","chunk_label":"unnamed-chunk-7","document_id":"D3582FAB","expansion_state":0,"options":{"engine":"r","label":"unnamed-chunk-184"},"row":117,"row_count":1,"visible":true},{"chunk_id":"cvl7fv4vl5iao","chunk_label":"unnamed-chunk-49","document_id":"D3582FAB","expansion_state":0,"options":{"engine":"r","label":"unnamed-chunk-202"},"row":599,"row_count":1,"visible":true}],"chunk_rendered_width":700,"doc_write_time":1545236512}