{"chunk_definitions":[{"chunk_id":"cta6juwun912a","chunk_label":"unnamed-chunk-1","document_id":"D3582FAB","expansion_state":0,"options":{"echo":false,"engine":"r","label":"unnamed-chunk-84","message":false,"warning":false},"row":26,"row_count":1,"visible":true},{"chunk_id":"cpla68c1k8ar6","chunk_label":"unnamed-chunk-2","document_id":"D3582FAB","expansion_state":0,"options":{"engine":"r","label":"unnamed-chunk-85"},"row":41,"row_count":1,"visible":true},{"chunk_id":"c7dj7i0oxzre5","chunk_label":"unnamed-chunk-3","document_id":"D3582FAB","expansion_state":0,"options":{"engine":"r","label":"unnamed-chunk-86"},"row":59,"row_count":1,"visible":true},{"chunk_id":"c1td6vleakn7p","chunk_label":"unnamed-chunk-4","document_id":"D3582FAB","expansion_state":0,"options":{"engine":"r","label":"unnamed-chunk-87"},"row":64,"row_count":1,"visible":true},{"chunk_id":"cy7jj098gb0q6","chunk_label":"unnamed-chunk-5","document_id":"D3582FAB","expansion_state":0,"options":{"engine":"r","label":"unnamed-chunk-88"},"row":71,"row_count":1,"visible":true},{"chunk_id":"cwlo60nrv14c1","chunk_label":"unnamed-chunk-6","document_id":"D3582FAB","expansion_state":0,"options":{"engine":"r","label":"unnamed-chunk-89"},"row":83,"row_count":1,"visible":true},{"chunk_id":"cm8gmi4gj74cf","chunk_label":"unnamed-chunk-7","document_id":"D3582FAB","expansion_state":0,"options":{"engine":"r","label":"unnamed-chunk-90"},"row":112,"row_count":1,"visible":true},{"chunk_id":"cjk275eiidiz6","chunk_label":"unnamed-chunk-8","document_id":"D3582FAB","expansion_state":0,"options":{"engine":"r","label":"unnamed-chunk-91"},"row":146,"row_count":1,"visible":true},{"chunk_id":"czvxwp3dunf1j","chunk_label":"unnamed-chunk-9","document_id":"D3582FAB","expansion_state":0,"options":{"engine":"r","label":"unnamed-chunk-92"},"row":160,"row_count":1,"visible":true},{"chunk_id":"cd88b9vai4q3l","chunk_label":"unnamed-chunk-10","document_id":"D3582FAB","expansion_state":0,"options":{"engine":"r","label":"unnamed-chunk-93"},"row":166,"row_count":1,"visible":true},{"chunk_id":"c8vxsjses674e","chunk_label":"unnamed-chunk-11","document_id":"D3582FAB","expansion_state":0,"options":{"engine":"r","label":"unnamed-chunk-94"},"row":173,"row_count":1,"visible":true},{"chunk_id":"c2219stnn4fwj","chunk_label":"unnamed-chunk-12","document_id":"D3582FAB","expansion_state":0,"options":{"engine":"r","label":"unnamed-chunk-95"},"row":179,"row_count":1,"visible":true},{"chunk_id":"cfme3rap8hoc5","chunk_label":"unnamed-chunk-13","document_id":"D3582FAB","expansion_state":0,"options":{"engine":"r","label":"unnamed-chunk-96"},"row":203,"row_count":1,"visible":true},{"chunk_id":"cedp0foh9gmyd","chunk_label":"unnamed-chunk-14","document_id":"D3582FAB","expansion_state":0,"options":{},"row":227,"row_count":1,"visible":true},{"chunk_id":"cq24l1vu8fnhv","chunk_label":"unnamed-chunk-15","document_id":"D3582FAB","expansion_state":0,"options":{},"row":233,"row_count":1,"visible":true},{"chunk_id":"ciyksec8bivoa","chunk_label":"unnamed-chunk-16","document_id":"D3582FAB","expansion_state":0,"options":{"engine":"r","label":"unnamed-chunk-98"},"row":243,"row_count":1,"visible":true},{"chunk_id":"cwdge4csmp9sn","chunk_label":"unnamed-chunk-17","document_id":"D3582FAB","expansion_state":0,"options":{"engine":"r","label":"unnamed-chunk-83"},"row":249,"row_count":1,"visible":true},{"chunk_id":"cg393z84lskby","chunk_label":"unnamed-chunk-18","document_id":"D3582FAB","expansion_state":0,"options":{"engine":"r","label":"unnamed-chunk-79"},"row":254,"row_count":1,"visible":true},{"chunk_id":"c4s14h542g9ks","chunk_label":"unnamed-chunk-21","document_id":"D3582FAB","expansion_state":0,"options":{"engine":"r","label":"unnamed-chunk-29"},"row":275,"row_count":1,"visible":true},{"chunk_id":"c7fzwecd6xxw3","chunk_label":"unnamed-chunk-22","document_id":"D3582FAB","expansion_state":1,"options":{"engine":"r","label":"unnamed-chunk-51"},"row":288,"row_count":1,"visible":true},{"chunk_id":"cim35443m2sva","chunk_label":"unnamed-chunk-23","document_id":"D3582FAB","expansion_state":0,"options":{"engine":"r","label":"unnamed-chunk-49"},"row":294,"row_count":1,"visible":true},{"chunk_id":"ck6brsdatfgts","chunk_label":"unnamed-chunk-24","document_id":"D3582FAB","expansion_state":0,"options":{"engine":"r","label":"unnamed-chunk-50"},"row":302,"row_count":1,"visible":true},{"chunk_id":"c0g1hq75dkake","chunk_label":"unnamed-chunk-25","document_id":"D3582FAB","expansion_state":0,"options":{"engine":"r","label":"unnamed-chunk-45"},"row":315,"row_count":1,"visible":true},{"chunk_id":"cd6muosf2zui3","chunk_label":"unnamed-chunk-26","document_id":"D3582FAB","expansion_state":0,"options":{"engine":"r","label":"unnamed-chunk-46"},"row":328,"row_count":1,"visible":true},{"chunk_id":"cndzex3ogriov","chunk_label":"unnamed-chunk-28","document_id":"D3582FAB","expansion_state":0,"options":{"engine":"r","label":"unnamed-chunk-41"},"row":363,"row_count":1,"visible":true},{"chunk_id":"c9bw32qw2j20d","chunk_label":"unnamed-chunk-29","document_id":"D3582FAB","expansion_state":0,"options":{"engine":"r","label":"unnamed-chunk-44"},"row":376,"row_count":1,"visible":true}],"chunk_rendered_width":580,"doc_write_time":1545165511}