"0","nombre <- ""california"""
"0","run_lm_fold <- function(i, x, tt = ""test"") {"
"0","file <- paste(x, ""-5-"", i, ""tra.dat"", sep=""""); "
"0","x_tra <- read.csv(file, comment.char=""@"") "
"0","file <- paste(x, ""-5-"", i, ""tst.dat"", sep=""""); "
"0","x_tst <- read.csv(file, comment.char=""@"") "
"0","In <- length(names(x_tra)) - 1"
"0","names(x_tra)[1:In] <- paste (""X"", 1:In, sep="""");"
"0","names(x_tra)[In+1] <- ""Y"""
"0","names(x_tst)[1:In] <- paste (""X"", 1:In, sep="""");"
"0","names(x_tst)[In+1] <- ""Y"""
"0","if (tt == ""train"") { test <- x_tra }"
"0","else { test <- x_tst }"
"0","fitMulti=lm(Y~.+I(X8^2)+I(X2^2)-X7, xtra)"
"0","yprime=predict(fitMulti,test)"
"0","}"
"0","run_knn_fold <- function(i, x, tt = ""test"") {"
"0","  file <- paste(x, ""-5-"", i, ""tra.dat"", sep="""")"
"0","  x_tra <- read.csv(file, comment.char=""@"")"
"0","  file <- paste(x, ""-5-"", i, ""tst.dat"", sep="""")"
"0","  x_tst <- read.csv(file, comment.char=""@"")"
"0","  In <- length(names(x_tra)) - 1"
"0","  names(x_tra)[1:In] <- paste (""X"", 1:In, sep="""") "
"0","  names(x_tra)[In+1] <- ""Y"""
"0","  names(x_tst)[1:In] <- paste (""X"", 1:In, sep="""") "
"0","  names(x_tst)[In+1] <- ""Y"""
"0","  if (tt == ""train"") {"
"0","    test <- x_tra"
"0","    } "
"0","  else { "
"0","    test <- x_tst"
"0","    }"
"0","  fitMulti=kknn(Y ~.+I(X8^2)+I(X2^2)-X7,x_tra,test)"
"0","  yprime=fitMulti$fitted.values"
"0","}"
