{"chunk_definitions":[{"chunk_id":"cta6juwun912a","chunk_label":"unnamed-chunk-1","document_id":"D3582FAB","expansion_state":0,"options":{"engine":"r","label":"unnamed-chunk-141","message":false,"warning":false},"row":21,"row_count":1,"visible":true},{"chunk_id":"cpla68c1k8ar6","chunk_label":"unnamed-chunk-2","document_id":"D3582FAB","expansion_state":0,"options":{"engine":"r","label":"unnamed-chunk-224"},"row":33,"row_count":1,"visible":true},{"chunk_id":"c7dj7i0oxzre5","chunk_label":"unnamed-chunk-3","document_id":"D3582FAB","expansion_state":0,"options":{"engine":"r","label":"unnamed-chunk-211"},"row":52,"row_count":1,"visible":true},{"chunk_id":"cr9ka7jxwfx6p","chunk_label":"unnamed-chunk-4","document_id":"D3582FAB","expansion_state":0,"options":{"engine":"r","label":"unnamed-chunk-223"},"row":79,"row_count":1,"visible":true},{"chunk_id":"cm8gmi4gj74cf","chunk_label":"unnamed-chunk-5","document_id":"D3582FAB","expansion_state":0,"options":{"engine":"r","label":"unnamed-chunk-220"},"row":91,"row_count":1,"visible":true},{"chunk_id":"c7nks5dr2g6db","chunk_label":"unnamed-chunk-6","document_id":"D3582FAB","expansion_state":0,"options":{"engine":"r","label":"unnamed-chunk-221"},"row":103,"row_count":1,"visible":true},{"chunk_id":"cfme3rap8hoc5","chunk_label":"unnamed-chunk-7","document_id":"D3582FAB","expansion_state":0,"options":{"engine":"r","label":"unnamed-chunk-222"},"row":131,"row_count":1,"visible":true},{"chunk_id":"cxejk3iupw6ny","chunk_label":"unnamed-chunk-8","document_id":"D3582FAB","expansion_state":1,"options":{"engine":"r","label":"unnamed-chunk-209"},"row":148,"row_count":1,"visible":true},{"chunk_id":"cit6p14m0hsuc","chunk_label":"unnamed-chunk-9","document_id":"D3582FAB","expansion_state":1,"options":{"engine":"r","label":"unnamed-chunk-208"},"row":160,"row_count":1,"visible":true},{"chunk_id":"cjy4vsqt0dtos","chunk_label":"unnamed-chunk-10","document_id":"D3582FAB","expansion_state":0,"options":{"engine":"r","label":"unnamed-chunk-218"},"row":178,"row_count":1,"visible":true},{"chunk_id":"cmqchoc9trcra","chunk_label":"unnamed-chunk-11","document_id":"D3582FAB","expansion_state":0,"options":{"engine":"r","label":"unnamed-chunk-219"},"row":183,"row_count":1,"visible":true},{"chunk_id":"cr52aa9fmxxfy","chunk_label":"unnamed-chunk-12","document_id":"D3582FAB","expansion_state":0,"options":{"engine":"r","label":"unnamed-chunk-225"},"row":192,"row_count":1,"visible":true}],"chunk_rendered_width":700,"doc_write_time":1544634831}